,num_prefill_tokens,num_decode_tokens,num_total_tokens,pd_ratio
432,2035,246,2281,8.272357723577235
750,2013,215,2228,9.362790697674418
751,1683,301,1984,5.591362126245847
752,1644,259,1903,6.347490347490347
753,1775,250,2025,7.1
754,593,244,837,2.430327868852459
755,1454,205,1659,7.092682926829268
756,1906,335,2241,5.6895522388059705
758,1919,339,2258,5.660766961651918
759,1872,254,2126,7.37007874015748
760,1902,284,2186,6.697183098591549
761,1554,323,1877,4.811145510835913
762,741,251,992,2.952191235059761
763,1920,332,2252,5.783132530120482
764,956,309,1265,3.093851132686084
765,1901,334,2235,5.691616766467066
766,1992,352,2344,5.659090909090909
767,814,297,1111,2.740740740740741
769,1900,424,2324,4.481132075471698
770,885,306,1191,2.892156862745098
771,1974,345,2319,5.721739130434782
772,1958,231,2189,8.476190476190476
773,1911,305,2216,6.265573770491804
774,2046,315,2361,6.495238095238095
775,1973,255,2228,7.737254901960784
776,1722,253,1975,6.8063241106719365
777,1926,245,2171,7.8612244897959185
778,2011,274,2285,7.339416058394161
779,2017,188,2205,10.72872340425532
780,1984,229,2213,8.663755458515285
781,1998,296,2294,6.75
783,1496,268,1764,5.582089552238806
784,2007,310,2317,6.474193548387097
785,1948,261,2209,7.46360153256705
786,1607,400,2007,4.0175
787,798,199,997,4.010050251256281
788,1937,421,2358,4.600950118764845
790,1980,418,2398,4.7368421052631575
792,1953,228,2181,8.56578947368421
793,1719,246,1965,6.987804878048781
794,2013,378,2391,5.325396825396825
795,1989,169,2158,11.76923076923077
796,771,301,1072,2.5614617940199333
797,2009,347,2356,5.789625360230548
798,1845,301,2146,6.129568106312292
799,1632,411,2043,3.970802919708029
800,1956,378,2334,5.174603174603175
801,1066,199,1265,5.35678391959799
802,2012,338,2350,5.952662721893491
803,1952,264,2216,7.393939393939394
804,1912,379,2291,5.044854881266491
805,1014,330,1344,3.0727272727272728
806,1908,316,2224,6.037974683544304
807,1959,285,2244,6.873684210526315
808,1511,310,1821,4.874193548387097
809,1286,192,1478,6.697916666666667
810,1253,345,1598,3.631884057971015
811,1914,156,2070,12.26923076923077
812,1944,254,2198,7.653543307086614
813,1959,201,2160,9.74626865671642
815,881,175,1056,5.034285714285715
816,2031,306,2337,6.637254901960785
817,1972,303,2275,6.508250825082508
818,1625,263,1888,6.178707224334601
819,2005,240,2245,8.354166666666666
820,2017,199,2216,10.135678391959798
821,1415,283,1698,5.0
822,2032,550,2582,3.6945454545454544
823,2040,489,2529,4.171779141104294
824,1693,297,1990,5.700336700336701
825,2048,429,2477,4.773892773892774
826,1285,362,1647,3.5497237569060776
827,2025,228,2253,8.881578947368421
828,1196,304,1500,3.934210526315789
829,855,219,1074,3.904109589041096
830,1955,286,2241,6.835664335664336
831,1686,236,1922,7.1440677966101696
832,1968,412,2380,4.776699029126213
833,1456,225,1681,6.471111111111111
834,1572,309,1881,5.087378640776699
835,1245,223,1468,5.582959641255606
836,909,202,1111,4.5
837,1989,376,2365,5.289893617021277
838,1900,760,2660,2.5
840,1209,328,1537,3.6859756097560976
841,1280,266,1546,4.81203007518797
842,1916,307,2223,6.241042345276873
843,2009,341,2350,5.891495601173021
844,455,158,613,2.8797468354430378
845,151,184,335,0.8206521739130435
846,1407,333,1740,4.225225225225225
847,1956,333,2289,5.873873873873874
848,1712,307,2019,5.576547231270358
849,1949,368,2317,5.296195652173913
850,1986,316,2302,6.284810126582278
851,1926,278,2204,6.928057553956834
852,1921,164,2085,11.71341463414634
853,1265,211,1476,5.995260663507109
854,1046,344,1390,3.0406976744186047
855,2037,458,2495,4.4475982532751095
856,2016,222,2238,9.08108108108108
858,1965,313,2278,6.277955271565495
860,1975,194,2169,10.18041237113402
861,1748,352,2100,4.965909090909091
862,1948,409,2357,4.762836185819071
863,1994,315,2309,6.33015873015873
864,542,157,699,3.452229299363057
865,1953,396,2349,4.931818181818182
866,1566,303,1869,5.1683168316831685
867,240,274,514,0.8759124087591241
868,1948,281,2229,6.932384341637011
869,760,354,1114,2.146892655367232
870,1964,183,2147,10.73224043715847
871,1977,352,2329,5.6164772727272725
873,2032,324,2356,6.271604938271605
874,1998,400,2398,4.995
875,1965,193,2158,10.181347150259068
876,1148,314,1462,3.656050955414013
877,1988,354,2342,5.6158192090395485
878,1961,364,2325,5.387362637362638
879,1911,339,2250,5.6371681415929205
880,1978,174,2152,11.367816091954024
881,2041,277,2318,7.368231046931408
882,1918,319,2237,6.012539184952978
883,1057,163,1220,6.484662576687117
884,2017,254,2271,7.940944881889764
885,2026,341,2367,5.941348973607038
886,2012,406,2418,4.955665024630542
887,1912,397,2309,4.816120906801007
888,2005,329,2334,6.094224924012158
889,2026,255,2281,7.9450980392156865
890,889,253,1142,3.513833992094862
891,2012,349,2361,5.765042979942693
893,1921,238,2159,8.071428571428571
894,1920,298,2218,6.442953020134228
895,1961,333,2294,5.888888888888889
896,1925,237,2162,8.122362869198312
897,133,247,380,0.5384615384615384
898,1959,338,2297,5.795857988165681
899,1954,240,2194,8.141666666666667
900,2012,265,2277,7.592452830188679
901,1604,242,1846,6.628099173553719
902,2009,460,2469,4.3673913043478265
903,2043,342,2385,5.973684210526316
904,2000,364,2364,5.494505494505495
905,1314,374,1688,3.513368983957219
906,1946,278,2224,7.0
908,1909,274,2183,6.967153284671533
909,1956,458,2414,4.270742358078603
910,1932,303,2235,6.376237623762377
911,1971,205,2176,9.614634146341464
912,1990,276,2266,7.210144927536231
913,1981,327,2308,6.058103975535168
914,972,234,1206,4.153846153846154
915,1927,320,2247,6.021875
916,1498,236,1734,6.3474576271186445
917,1260,154,1414,8.181818181818182
918,1287,207,1494,6.217391304347826
919,645,395,1040,1.6329113924050631
920,1631,252,1883,6.472222222222222
921,2013,201,2214,10.014925373134329
922,1125,191,1316,5.890052356020942
923,1988,208,2196,9.557692307692308
924,1750,200,1950,8.75
925,1966,197,2163,9.97969543147208
926,1415,203,1618,6.970443349753695
927,1786,242,2028,7.380165289256198
928,1904,288,2192,6.611111111111111
929,1464,310,1774,4.72258064516129
930,1925,307,2232,6.270358306188925
931,1763,251,2014,7.02390438247012
932,1816,284,2100,6.394366197183099
933,1963,254,2217,7.728346456692913
934,1955,207,2162,9.444444444444445
935,1972,464,2436,4.25
936,1426,255,1681,5.592156862745098
937,1857,335,2192,5.543283582089552
938,2031,260,2291,7.811538461538461
939,2009,328,2337,6.125
940,1565,274,1839,5.711678832116788
941,1931,372,2303,5.190860215053763
942,1639,199,1838,8.236180904522612
943,617,289,906,2.134948096885813
944,1930,303,2233,6.36963696369637
945,1715,251,1966,6.832669322709164
946,897,231,1128,3.883116883116883
947,1958,299,2257,6.548494983277592
948,2039,245,2284,8.322448979591837
1568,1939,189,2128,10.25925925925926
1612,1921,187,2108,10.272727272727272
1636,2012,153,2165,13.15032679738562
1649,1985,200,2185,9.925
1661,2021,163,2184,12.39877300613497
1664,1958,153,2111,12.797385620915032
1686,1924,183,2107,10.513661202185792
1748,1930,188,2118,10.26595744680851
1952,1917,398,2315,4.816582914572864
1953,1937,706,2643,2.7436260623229463
1955,1929,188,2117,10.26063829787234
1956,1939,244,2183,7.94672131147541
1960,1953,368,2321,5.307065217391305
1963,1905,388,2293,4.90979381443299
1966,1922,366,2288,5.251366120218579
1967,2005,720,2725,2.7847222222222223
1969,2005,620,2625,3.2338709677419355
1971,1953,294,2247,6.642857142857143
1972,1901,536,2437,3.546641791044776
1974,2035,442,2477,4.604072398190045
1975,2025,239,2264,8.472803347280335
1976,1979,427,2406,4.634660421545667
1977,1997,186,2183,10.736559139784946
1978,2039,589,2628,3.461799660441426
1980,1916,172,2088,11.13953488372093
1982,2026,727,2753,2.7867950481430537
1983,1903,397,2300,4.793450881612091
1985,2007,503,2510,3.990059642147117
1986,1992,181,2173,11.005524861878452
1987,1979,207,2186,9.560386473429952
1990,1961,333,2294,5.888888888888889
1992,2031,203,2234,10.004926108374384
1995,2019,291,2310,6.938144329896907
1997,1928,719,2647,2.6815020862308763
1998,2014,346,2360,5.820809248554913
1999,1971,186,2157,10.596774193548388
2001,1997,180,2177,11.094444444444443
2003,2029,299,2328,6.785953177257525
2004,1986,1132,3118,1.754416961130742
2009,1939,379,2318,5.116094986807388
2010,1980,294,2274,6.73469387755102
2011,2044,592,2636,3.452702702702702
2015,2022,560,2582,3.6107142857142858
2016,2011,159,2170,12.647798742138365
2017,1981,310,2291,6.390322580645162
2019,1906,400,2306,4.765
2020,1929,334,2263,5.775449101796407
2021,2011,387,2398,5.196382428940568
2024,1907,540,2447,3.5314814814814817
2025,1930,671,2601,2.8763040238450075
2027,1963,895,2858,2.1932960893854747
2031,1998,951,2949,2.1009463722397475
2033,1988,405,2393,4.908641975308642
2035,1995,816,2811,2.4448529411764706
2037,2038,172,2210,11.848837209302326
2041,2031,187,2218,10.86096256684492
2044,1941,286,2227,6.786713286713287
2049,1935,1192,3127,1.623322147651007
2050,1988,331,2319,6.006042296072508
2051,1925,402,2327,4.788557213930348
2055,1964,273,2237,7.194139194139194
2056,2046,517,2563,3.9574468085106393
2057,1926,874,2800,2.203661327231121
2058,2033,272,2305,7.474264705882353
2060,1932,157,2089,12.305732484076431
2065,1988,274,2262,7.255474452554744
2072,1951,230,2181,8.482608695652173
2073,2012,220,2232,9.145454545454545
2080,1955,390,2345,5.012820512820513
2081,2019,689,2708,2.93033381712627
2082,1980,579,2559,3.4196891191709846
2084,1970,359,2329,5.487465181058496
2086,1900,795,2695,2.389937106918239
2087,1921,154,2075,12.474025974025974
2092,1921,164,2085,11.71341463414634
2094,1974,239,2213,8.259414225941423
2099,2031,424,2455,4.790094339622642
2100,2041,487,2528,4.190965092402464
2102,2014,796,2810,2.530150753768844
2105,2028,165,2193,12.290909090909093
2109,1920,511,2431,3.7573385518591
2110,2018,548,2566,3.6824817518248176
2111,1982,180,2162,11.011111111111113
2112,1944,182,2126,10.68131868131868
2114,1961,201,2162,9.756218905472636
2115,2011,741,2752,2.7139001349527665
2117,1908,935,2843,2.0406417112299464
2119,1902,332,2234,5.728915662650603
2126,1912,759,2671,2.519104084321476
2127,1963,517,2480,3.796905222437138
2128,2032,472,2504,4.305084745762712
2130,1966,268,2234,7.335820895522388
2132,1999,171,2170,11.690058479532164
2133,2007,365,2372,5.498630136986302
2137,1980,739,2719,2.679296346414073
2138,2036,321,2357,6.342679127725857
2142,2008,156,2164,12.871794871794872
2144,1943,246,2189,7.898373983739837
2146,1913,262,2175,7.301526717557252
2147,1959,420,2379,4.664285714285715
2149,1998,340,2338,5.876470588235295
2150,1907,661,2568,2.885022692889561
2151,1961,775,2736,2.530322580645161
2152,1920,273,2193,7.032967032967033
2153,1978,267,2245,7.408239700374532
2154,1925,276,2201,6.97463768115942
2155,1946,461,2407,4.221258134490238
2156,1932,542,2474,3.5645756457564577
2157,2012,390,2402,5.158974358974359
2158,1903,717,2620,2.6541143654114365
2159,1992,371,2363,5.369272237196766
2160,2034,621,2655,3.27536231884058
2161,2005,399,2404,5.025062656641604
2162,1931,223,2154,8.659192825112108
2163,2034,670,2704,3.035820895522388
2164,1963,327,2290,6.003058103975535
2165,2027,541,2568,3.746765249537893
2166,1972,309,2281,6.381877022653722
2167,1968,371,2339,5.304582210242588
2168,2003,640,2643,3.1296875
2169,2010,594,2604,3.383838383838384
2170,2020,339,2359,5.958702064896755
2171,1914,761,2675,2.515111695137976
2172,1942,469,2411,4.140724946695096
2173,2034,345,2379,5.895652173913043
2174,1991,694,2685,2.8688760806916425
2175,1951,771,2722,2.530479896238651
2176,1963,597,2560,3.288107202680067
2177,1938,701,2639,2.7646219686162623
2178,1956,355,2311,5.509859154929577
2179,1977,302,2279,6.546357615894039
2180,1937,746,2683,2.596514745308311
2181,1947,555,2502,3.508108108108108
2182,2041,564,2605,3.618794326241135
2183,1964,360,2324,5.455555555555556
2184,2039,678,2717,3.0073746312684366
2185,1906,581,2487,3.280550774526678
2186,1946,450,2396,4.3244444444444445
2187,1959,648,2607,3.0231481481481484
2188,2006,180,2186,11.144444444444444
2189,1940,641,2581,3.0265210608424336
2190,1962,601,2563,3.264559068219634
2191,2043,463,2506,4.412526997840173
2192,1932,735,2667,2.628571428571429
2193,2048,264,2312,7.757575757575758
2194,1943,688,2631,2.824127906976744
2195,1963,495,2458,3.9656565656565657
2196,2034,407,2441,4.997542997542998
2197,1976,614,2590,3.218241042345277
2198,1905,462,2367,4.123376623376624
2199,2017,796,2813,2.5339195979899496
2200,1951,647,2598,3.015455950540958
2201,1915,229,2144,8.362445414847162
2202,2005,618,2623,3.244336569579288
2203,1942,501,2443,3.87624750499002
2204,1997,594,2591,3.361952861952862
2205,2029,357,2386,5.683473389355743
2206,1999,247,2246,8.093117408906883
2207,1954,696,2650,2.807471264367816
2208,1998,275,2273,7.265454545454546
2209,2036,657,2693,3.0989345509893456
2210,2034,392,2426,5.188775510204081
2211,2026,599,2625,3.382303839732888
2212,1926,458,2384,4.205240174672489
2213,1932,647,2579,2.9860896445131377
2214,1922,632,2554,3.0411392405063293
2215,2036,662,2698,3.0755287009063443
2216,1902,290,2192,6.558620689655172
2217,1920,450,2370,4.266666666666667
2218,1902,301,2203,6.318936877076412
2219,1962,307,2269,6.390879478827362
2220,2001,602,2603,3.323920265780731
2221,2015,305,2320,6.60655737704918
2222,1970,571,2541,3.450087565674256
2223,2005,667,2672,3.0059970014992503
2224,1988,455,2443,4.369230769230769
2225,2001,249,2250,8.036144578313253
2226,1966,229,2195,8.585152838427948
2227,1919,366,2285,5.243169398907104
2228,1940,330,2270,5.878787878787879
2229,1962,399,2361,4.917293233082707
2230,1953,341,2294,5.727272727272728
2231,1911,460,2371,4.154347826086957
2232,1913,686,2599,2.7886297376093294
2233,2030,384,2414,5.286458333333333
2234,1917,687,2604,2.7903930131004366
2235,2014,753,2767,2.6746347941567064
2236,1963,664,2627,2.9563253012048194
2237,2015,769,2784,2.6202860858257475
2238,1934,625,2559,3.0944
2239,2030,596,2626,3.406040268456376
2240,1974,306,2280,6.450980392156863
2241,1903,590,2493,3.2254237288135594
2242,1937,588,2525,3.29421768707483
2243,1989,222,2211,8.95945945945946
2244,1991,309,2300,6.44336569579288
2245,1993,636,2629,3.1336477987421385
2246,1976,620,2596,3.1870967741935483
2247,2028,519,2547,3.907514450867052
2248,1964,504,2468,3.8968253968253967
2249,1934,588,2522,3.2891156462585034
2250,1905,669,2574,2.8475336322869955
2251,2022,382,2404,5.293193717277487
2252,1951,681,2632,2.8649045521292216
2253,2001,416,2417,4.810096153846154
2254,1986,692,2678,2.869942196531792
2255,2021,680,2701,2.972058823529412
2256,1977,543,2520,3.6408839779005526
2257,2012,470,2482,4.280851063829787
2258,1935,179,2114,10.810055865921788
2259,2021,465,2486,4.346236559139785
2260,1975,650,2625,3.0384615384615383
2261,1984,625,2609,3.1744
2262,1989,203,2192,9.798029556650246
2263,1997,655,2652,3.048854961832061
2264,2001,309,2310,6.475728155339806
2265,2048,607,2655,3.373970345963756
2266,2002,302,2304,6.629139072847682
2267,2028,525,2553,3.862857142857143
2268,1976,572,2548,3.4545454545454546
2269,2044,666,2710,3.069069069069069
2270,1960,609,2569,3.218390804597701
2271,1948,394,2342,4.944162436548224
2272,2010,694,2704,2.8962536023054755
2273,1955,621,2576,3.1481481481481484
2274,1967,439,2406,4.480637813211845
2275,2031,648,2679,3.134259259259259
2276,1942,560,2502,3.467857142857143
2277,2030,653,2683,3.108728943338438
2278,1935,276,2211,7.010869565217392
2279,2032,661,2693,3.074130105900151
2280,2036,707,2743,2.87977369165488
2281,2029,244,2273,8.315573770491802
2282,2021,735,2756,2.749659863945578
2283,1987,508,2495,3.911417322834646
2284,1966,694,2660,2.8328530259366
2285,2010,362,2372,5.552486187845304
2286,1977,357,2334,5.53781512605042
2287,2016,393,2409,5.129770992366412
2288,2034,454,2488,4.4801762114537445
2289,1913,173,2086,11.057803468208093
2290,1949,665,2614,2.930827067669173
2291,1965,550,2515,3.5727272727272728
2292,2017,547,2564,3.6873857404021937
2293,1917,544,2461,3.523897058823529
2294,1904,572,2476,3.3286713286713288
2295,1951,575,2526,3.3930434782608696
2296,1926,562,2488,3.427046263345196
2297,1965,592,2557,3.319256756756757
2298,1900,356,2256,5.337078651685394
2299,1955,737,2692,2.6526458616010853
2300,1947,704,2651,2.765625
2301,1944,637,2581,3.0518053375196232
2302,1992,421,2413,4.731591448931116
2303,1968,614,2582,3.205211726384365
2304,1902,635,2537,2.995275590551181
2305,1904,581,2485,3.27710843373494
2306,1905,680,2585,2.801470588235294
2307,1942,298,2240,6.516778523489933
2308,1979,616,2595,3.2126623376623376
2309,1960,622,2582,3.1511254019292605
2310,2000,629,2629,3.179650238473768
2311,2027,326,2353,6.217791411042945
2312,1992,538,2530,3.7026022304832713
2313,1990,584,2574,3.4075342465753424
2314,1922,680,2602,2.8264705882352943
2315,2010,726,2736,2.768595041322314
2316,1929,595,2524,3.242016806722689
2317,1906,237,2143,8.042194092827005
2318,1944,379,2323,5.129287598944591
2319,1903,525,2428,3.624761904761905
2320,2036,784,2820,2.596938775510204
2321,1969,344,2313,5.723837209302325
2322,1990,588,2578,3.3843537414965987
2323,1953,495,2448,3.945454545454545
2324,1998,300,2298,6.66
2325,1950,614,2564,3.175895765472313
2326,1981,277,2258,7.151624548736463
2327,1947,656,2603,2.9679878048780486
2328,1945,652,2597,2.983128834355828
2329,2027,643,2670,3.1524105754276825
2330,1938,687,2625,2.8209606986899565
2331,2029,292,2321,6.948630136986301
2332,2004,466,2470,4.3004291845493565
2333,1958,654,2612,2.99388379204893
2334,1900,376,2276,5.053191489361702
2335,1913,461,2374,4.149674620390456
2336,2011,267,2278,7.531835205992509
2337,1908,490,2398,3.893877551020408
2338,1934,485,2419,3.9876288659793815
2339,2028,661,2689,3.0680786686838126
2340,1921,357,2278,5.380952380952381
2341,2007,316,2323,6.35126582278481
2342,1979,575,2554,3.441739130434782
2343,1984,673,2657,2.947994056463596
2344,1948,361,2309,5.39612188365651
2345,1915,587,2502,3.262350936967632
2346,1986,539,2525,3.684601113172542
2347,1935,641,2576,3.018720748829953
2348,1980,564,2544,3.5106382978723403
2349,1970,536,2506,3.675373134328358
2386,2004,246,2250,8.146341463414634
4900,1958,699,2657,2.8011444921316166
4901,1933,662,2595,2.919939577039275
4903,2017,797,2814,2.530740276035132
4904,1916,383,2299,5.002610966057441
4905,1963,199,2162,9.864321608040202
4906,1958,880,2838,2.225
4907,1930,879,2809,2.1956769055745164
4908,1939,619,2558,3.132471728594507
4909,2011,533,2544,3.772983114446529
4910,2025,633,2658,3.199052132701422
4911,2007,618,2625,3.2475728155339807
4912,1965,510,2475,3.852941176470588
4913,1949,849,2798,2.2956419316843344
4915,1909,560,2469,3.4089285714285715
4916,2041,706,2747,2.8909348441926346
4917,1999,390,2389,5.125641025641026
4918,1939,661,2600,2.933434190620272
4919,2026,591,2617,3.428087986463621
4920,2046,377,2423,5.427055702917772
4921,1935,832,2767,2.3257211538461537
4922,1912,493,2405,3.8782961460446246
4923,1978,435,2413,4.5471264367816095
4924,1998,613,2611,3.259380097879282
4925,2022,195,2217,10.36923076923077
4926,2016,885,2901,2.2779661016949158
4927,2007,704,2711,2.850852272727273
4928,1985,749,2734,2.6502002670226967
4929,2036,717,2753,2.8396094839609485
4930,1959,328,2287,5.972560975609756
4931,1916,528,2444,3.628787878787879
4932,1976,259,2235,7.629343629343629
4933,2036,505,2541,4.031683168316832
4934,1729,263,1992,6.574144486692015
4935,1960,756,2716,2.592592592592593
4936,1987,520,2507,3.8211538461538463
4937,1977,762,2739,2.594488188976378
4938,1961,824,2785,2.379854368932039
4939,2030,386,2416,5.259067357512953
4940,2011,663,2674,3.033182503770739
4941,1969,878,2847,2.2425968109339407
4942,1974,866,2840,2.279445727482679
4943,1997,673,2670,2.967310549777117
4944,1982,646,2628,3.068111455108359
4945,1981,566,2547,3.5
4946,1953,191,2144,10.225130890052355
4947,1924,488,2412,3.942622950819672
4948,1977,459,2436,4.30718954248366
4949,1976,856,2832,2.308411214953271
4950,1949,568,2517,3.431338028169014
4952,1962,631,2593,3.109350237717908
4953,2004,743,2747,2.697173620457604
4954,2036,763,2799,2.668414154652687
4955,1941,602,2543,3.224252491694352
4956,1980,780,2760,2.5384615384615383
4957,1954,696,2650,2.807471264367816
4958,2007,716,2723,2.803072625698324
4959,2018,675,2693,2.9896296296296296
4960,1962,805,2767,2.437267080745342
4961,1970,569,2539,3.4622144112478037
4962,2033,691,2724,2.9421128798842258
4963,1993,602,2595,3.3106312292358804
4964,2000,507,2507,3.9447731755424074
4965,1916,282,2198,6.794326241134752
4966,2021,447,2468,4.5212527964205815
4967,2012,498,2510,4.040160642570281
4968,1924,824,2748,2.33495145631068
4969,1942,858,2800,2.2634032634032635
4970,1930,701,2631,2.75320970042796
4971,2034,711,2745,2.8607594936708862
4972,1968,801,2769,2.45692883895131
4973,1967,343,2310,5.73469387755102
4974,1902,278,2180,6.841726618705036
4975,1999,320,2319,6.246875
4976,2000,467,2467,4.282655246252677
4977,1950,299,2249,6.521739130434782
4978,1906,451,2357,4.226164079822617
4979,1941,449,2390,4.32293986636971
4981,2006,751,2757,2.6711051930758987
4982,2008,558,2566,3.598566308243728
4983,1985,840,2825,2.363095238095238
4985,1837,169,2006,10.8698224852071
4986,1910,892,2802,2.1412556053811658
4987,1968,776,2744,2.536082474226804
4988,2021,334,2355,6.050898203592815
4989,2046,712,2758,2.8735955056179776
4990,1903,732,2635,2.599726775956284
4991,1922,525,2447,3.6609523809523807
4992,1909,680,2589,2.8073529411764704
4993,1938,504,2442,3.8452380952380953
4994,2043,687,2730,2.9737991266375547
4995,1960,445,2405,4.404494382022472
4996,1942,771,2713,2.5188067444876783
4997,1985,667,2652,2.9760119940029983
4998,2008,700,2708,2.8685714285714288
4999,1935,828,2763,2.3369565217391304
5000,2029,608,2637,3.3371710526315788
5001,1974,824,2798,2.395631067961165
5002,2024,638,2662,3.1724137931034484
5003,1963,975,2938,2.013333333333333
5004,1919,626,2545,3.065495207667732
5005,1968,626,2594,3.143769968051118
5006,1937,784,2721,2.4706632653061225
5007,1949,645,2594,3.021705426356589
5008,1963,531,2494,3.696798493408663
5009,1934,789,2723,2.4512040557667936
5010,1903,682,2585,2.790322580645161
5011,1907,903,2810,2.1118493909191582
5012,2013,652,2665,3.0874233128834354
5013,1970,1483,3453,1.3283884018880647
5014,1977,668,2645,2.9595808383233533
5015,2034,894,2928,2.2751677852348995
5016,1905,626,2531,3.043130990415336
5017,1997,587,2584,3.402044293015332
5018,2019,900,2919,2.243333333333333
5019,1942,737,2679,2.635006784260516
5020,1909,634,2543,3.0110410094637223
5021,1942,732,2674,2.6530054644808745
5022,1902,885,2787,2.149152542372881
5023,2033,654,2687,3.1085626911314983
5024,2002,835,2837,2.397604790419161
5025,1990,764,2754,2.6047120418848166
5026,1923,902,2825,2.131929046563193
5027,1980,860,2840,2.302325581395349
5028,1906,735,2641,2.5931972789115645
5029,2018,473,2491,4.266384778012685
5030,2030,849,2879,2.391048292108363
5031,1959,595,2554,3.292436974789916
5032,1966,738,2704,2.663956639566396
5033,1996,696,2692,2.867816091954023
5034,1915,889,2804,2.154105736782902
5035,2010,752,2762,2.672872340425532
5036,2015,603,2618,3.341625207296849
5037,2025,771,2796,2.626459143968872
5038,1942,869,2811,2.234752589182969
5039,1955,852,2807,2.294600938967136
5040,1928,723,2651,2.6666666666666665
5041,2038,875,2913,2.329142857142857
5042,2032,556,2588,3.6546762589928057
5043,1924,568,2492,3.387323943661972
5044,2034,855,2889,2.3789473684210525
5045,1955,729,2684,2.681755829903978
5046,2043,764,2807,2.674083769633508
5047,2002,757,2759,2.6446499339498017
5048,1982,814,2796,2.4348894348894348
5049,1970,897,2867,2.196209587513936
5050,1959,653,2612,3.0
5051,1915,686,2601,2.791545189504373
5052,1981,898,2879,2.206013363028953
5053,1971,853,2824,2.310668229777257
5054,1922,478,2400,4.02092050209205
5055,1947,836,2783,2.3289473684210527
5056,1927,606,2533,3.17986798679868
5057,2017,892,2909,2.2612107623318387
5058,1905,844,2749,2.2571090047393363
5059,2022,689,2711,2.934687953555878
5060,1990,938,2928,2.121535181236674
5061,1964,682,2646,2.8797653958944283
5062,2011,633,2644,3.1769352290679307
5063,1944,649,2593,2.99537750385208
5064,1909,829,2738,2.302774427020507
5065,2034,683,2717,2.9780380673499267
5066,1945,639,2584,3.043818466353678
5067,1941,723,2664,2.684647302904564
5068,2010,627,2637,3.2057416267942584
5069,1950,754,2704,2.586206896551724
5070,1976,883,2859,2.2378255945639864
5071,2036,812,2848,2.5073891625615765
5072,2048,825,2873,2.4824242424242424
5073,1913,648,2561,2.9521604938271606
5074,1913,486,2399,3.9362139917695473
5075,1958,727,2685,2.693259972489684
5076,1906,738,2644,2.5826558265582658
5077,2046,929,2975,2.2023681377825617
5079,1965,838,2803,2.344868735083532
5080,2016,744,2760,2.7096774193548385
5081,1972,903,2875,2.183831672203765
5082,1971,721,2692,2.7337031900138697
5083,2034,822,2856,2.4744525547445257
5084,1984,868,2852,2.2857142857142856
5085,1995,971,2966,2.054582904222451
5086,1933,784,2717,2.465561224489796
5087,1917,692,2609,2.770231213872832
5088,2012,782,2794,2.572890025575448
5089,2037,603,2640,3.3781094527363185
5090,1929,756,2685,2.5515873015873014
5091,1924,738,2662,2.607046070460705
5092,1939,803,2742,2.414694894146949
5093,1942,393,2335,4.9414758269720105
5094,1986,542,2528,3.664206642066421
5095,2006,776,2782,2.5850515463917527
5096,1955,644,2599,3.0357142857142856
5097,2037,789,2826,2.581749049429658
5098,1964,589,2553,3.33446519524618
5099,1990,647,2637,3.075734157650696
5100,1990,878,2868,2.266514806378132
5101,1965,864,2829,2.274305555555556
5102,2029,718,2747,2.8259052924791086
5103,1902,387,2289,4.914728682170543
5104,2033,775,2808,2.6232258064516127
5105,1916,760,2676,2.5210526315789474
5106,2007,594,2601,3.378787878787879
5107,1928,626,2554,3.0798722044728435
5108,2047,780,2827,2.6243589743589744
5109,2007,835,2842,2.4035928143712573
5110,2017,724,2741,2.7859116022099446
5111,1918,738,2656,2.598915989159892
5112,1925,687,2612,2.802037845705968
5113,2016,895,2911,2.2525139664804468
5114,1937,734,2671,2.638964577656676
5115,1997,550,2547,3.630909090909091
5116,1947,669,2616,2.910313901345292
5117,2004,655,2659,3.0595419847328245
5118,2043,775,2818,2.6361290322580646
5119,1908,577,2485,3.3067590987868285
5120,1988,1699,3687,1.1701000588581518
5121,2008,702,2710,2.8603988603988606
5122,1971,871,2842,2.2629161882893225
5123,1972,865,2837,2.279768786127168
5124,1936,855,2791,2.2643274853801167
5125,1921,686,2607,2.8002915451895043
5126,2045,540,2585,3.787037037037037
5127,2013,637,2650,3.160125588697017
5128,2039,737,2776,2.766621438263229
5129,1980,946,2926,2.0930232558139537
5130,1948,547,2495,3.5612431444241315
5131,2043,687,2730,2.9737991266375547
5132,1911,822,2733,2.3248175182481754
5133,1956,715,2671,2.735664335664336
5134,2013,1132,3145,1.778268551236749
5135,2029,869,2898,2.334867663981588
5136,2004,924,2928,2.168831168831169
5137,1934,833,2767,2.3217286914765904
5138,2041,408,2449,5.002450980392157
5139,2038,800,2838,2.5475
5140,1908,740,2648,2.5783783783783782
5141,1950,720,2670,2.708333333333333
5142,1972,311,2283,6.340836012861736
5143,2042,722,2764,2.828254847645429
5144,1952,632,2584,3.088607594936709
5145,1967,569,2536,3.4569420035149383
5146,1914,730,2644,2.621917808219178
5147,2031,688,2719,2.95203488372093
5148,1993,702,2695,2.839031339031339
5149,1972,730,2702,2.7013698630136984
5150,1998,674,2672,2.964391691394659
5151,1933,926,2859,2.087473002159827
5152,1909,802,2711,2.380299251870324
5153,1949,721,2670,2.7031900138696257
5154,1976,619,2595,3.192245557350565
5155,1952,1050,3002,1.859047619047619
5156,2014,865,2879,2.3283236994219654
5157,1975,683,2658,2.891654465592972
5158,1900,742,2642,2.560646900269542
5159,1910,772,2682,2.474093264248705
5160,2009,1411,3420,1.4238128986534373
5161,2011,637,2648,3.1569858712715857
5162,2040,707,2747,2.8854314002828856
5163,1902,689,2591,2.760522496371553
5164,1942,810,2752,2.397530864197531
5165,1926,681,2607,2.828193832599119
5166,1993,837,2830,2.381123058542413
5167,2007,679,2686,2.955817378497791
5168,1959,618,2577,3.16990291262136
5169,1968,820,2788,2.4
5170,2002,702,2704,2.851851851851852
5171,2028,518,2546,3.9150579150579152
5172,1990,697,2687,2.855093256814921
5173,2044,918,2962,2.226579520697168
5174,1939,765,2704,2.534640522875817
5175,1923,862,2785,2.230858468677494
5176,1983,712,2695,2.7851123595505616
5177,1955,700,2655,2.7928571428571427
5178,1910,527,2437,3.6242884250474394
5179,2000,937,2937,2.134471718249733
5180,1996,764,2760,2.612565445026178
5181,1971,1183,3154,1.6661031276415892
5182,1984,885,2869,2.24180790960452
5183,1949,727,2676,2.6808803301237965
5184,2029,816,2845,2.486519607843137
5185,1960,666,2626,2.942942942942943
5186,2045,747,2792,2.7376171352074965
5187,2045,983,3028,2.0803662258392674
5188,1909,839,2748,2.2753277711561384
5189,2025,720,2745,2.8125
5190,1963,731,2694,2.6853625170998634
5191,1952,702,2654,2.780626780626781
5192,1971,860,2831,2.291860465116279
5193,1941,785,2726,2.472611464968153
5194,1947,621,2568,3.135265700483092
5195,2015,661,2676,3.048411497730711
5196,1959,651,2610,3.009216589861752
5197,1911,655,2566,2.9175572519083968
5198,1920,663,2583,2.8959276018099547
5199,1959,852,2811,2.2992957746478875
6475,1979,164,2143,12.067073170731708
6824,1022,361,1383,2.8310249307479225
6825,2031,240,2271,8.4625
6826,630,235,865,2.6808510638297878
6827,1924,369,2293,5.21409214092141
6828,915,405,1320,2.259259259259259
6830,1997,181,2178,11.033149171270718
6831,929,164,1093,5.664634146341464
6832,1865,306,2171,6.094771241830065
6833,1307,271,1578,4.822878228782288
6834,1980,204,2184,9.705882352941176
6836,697,268,965,2.6007462686567164
6837,1926,373,2299,5.163538873994638
6838,2028,394,2422,5.147208121827411
6839,2006,391,2397,5.130434782608695
6840,1852,186,2038,9.956989247311828
6841,788,246,1034,3.203252032520325
6842,1479,315,1794,4.695238095238095
6843,1956,164,2120,11.926829268292684
6844,1987,381,2368,5.215223097112861
6845,1985,277,2262,7.166064981949458
6846,1712,307,2019,5.576547231270358
6847,1924,197,2121,9.766497461928934
6848,1209,293,1502,4.126279863481229
6850,1986,329,2315,6.036474164133739
6851,1617,243,1860,6.654320987654321
6852,1965,362,2327,5.428176795580111
6853,1987,355,2342,5.597183098591549
6854,1767,304,2071,5.8125
6855,1972,239,2211,8.251046025104603
6856,1362,249,1611,5.469879518072289
6857,1912,313,2225,6.108626198083067
6858,1152,374,1526,3.0802139037433154
6859,1439,323,1762,4.455108359133127
6860,986,207,1193,4.763285024154589
6861,1686,240,1926,7.025
6862,1464,180,1644,8.133333333333333
6863,1145,290,1435,3.948275862068965
6864,1933,423,2356,4.569739952718676
6865,1972,217,2189,9.087557603686635
6866,1800,293,2093,6.143344709897611
6867,1970,279,2249,7.060931899641577
6868,379,320,699,1.184375
6869,1902,268,2170,7.097014925373134
6870,1961,410,2371,4.782926829268293
6871,1992,255,2247,7.811764705882353
6872,1985,289,2274,6.868512110726644
6873,1929,151,2080,12.774834437086092
6874,2015,178,2193,11.320224719101123
6875,1253,345,1598,3.631884057971015
6876,1515,293,1808,5.170648464163823
6877,1120,271,1391,4.132841328413284
6878,1773,297,2070,5.96969696969697
6880,1396,365,1761,3.824657534246575
6881,1985,312,2297,6.362179487179487
6882,1923,264,2187,7.284090909090909
6883,994,344,1338,2.88953488372093
6884,1866,374,2240,4.989304812834225
6886,2019,261,2280,7.735632183908046
6887,1978,306,2284,6.4640522875817
6888,2007,238,2245,8.432773109243698
6889,1563,359,1922,4.353760445682451
6890,2048,230,2278,8.904347826086957
6892,1636,504,2140,3.246031746031746
6893,914,198,1112,4.616161616161616
6894,1227,200,1427,6.135
6895,1890,352,2242,5.369318181818182
6896,2003,407,2410,4.921375921375922
6897,1686,359,2045,4.696378830083566
6899,2039,319,2358,6.391849529780564
6900,1729,213,1942,8.11737089201878
6901,972,234,1206,4.153846153846154
6902,1942,282,2224,6.886524822695035
6903,2021,293,2314,6.897610921501706
6905,1902,245,2147,7.763265306122449
6906,1995,351,2346,5.683760683760684
6907,1970,362,2332,5.441988950276243
6908,1969,248,2217,7.939516129032258
6909,942,190,1132,4.957894736842105
6910,1944,280,2224,6.942857142857143
6911,1136,226,1362,5.026548672566372
6912,863,211,1074,4.090047393364929
6914,1676,361,2037,4.642659279778393
6915,693,152,845,4.559210526315789
6916,1292,214,1506,6.037383177570093
6917,1986,361,2347,5.501385041551247
6918,1184,311,1495,3.807073954983923
6920,1077,300,1377,3.59
6921,841,306,1147,2.7483660130718954
6922,749,230,979,3.256521739130435
6923,1838,231,2069,7.956709956709957
6924,2017,277,2294,7.281588447653429
6925,1948,251,2199,7.760956175298805
6926,2048,155,2203,13.212903225806452
6927,1992,568,2560,3.507042253521127
6928,1968,398,2366,4.944723618090452
6929,1909,318,2227,6.00314465408805
6930,1934,386,2320,5.010362694300518
6931,1901,328,2229,5.795731707317073
6932,1994,373,2367,5.345844504021447
6933,2013,373,2386,5.396782841823057
6934,1973,537,2510,3.674115456238361
6935,2044,302,2346,6.768211920529802
6936,1979,350,2329,5.654285714285714
6937,1984,246,2230,8.065040650406504
6938,1945,388,2333,5.012886597938144
6939,1903,587,2490,3.24190800681431
6940,2048,364,2412,5.626373626373627
6941,1975,350,2325,5.642857142857143
6942,1941,365,2306,5.317808219178082
6943,1906,361,2267,5.2797783933518
6944,2012,271,2283,7.424354243542435
6945,2013,455,2468,4.424175824175824
6946,1930,196,2126,9.846938775510203
6947,2011,304,2315,6.615131578947368
6948,2021,388,2409,5.208762886597938
6949,1921,233,2154,8.244635193133048
6950,1909,606,2515,3.15016501650165
6951,2019,256,2275,7.88671875
6952,2011,396,2407,5.078282828282828
6953,1957,226,2183,8.65929203539823
6954,1970,412,2382,4.781553398058253
6955,1932,417,2349,4.633093525179856
6956,2022,624,2646,3.2403846153846154
6957,2014,470,2484,4.285106382978723
6958,1922,324,2246,5.932098765432099
6959,1990,368,2358,5.407608695652174
6960,2006,406,2412,4.940886699507389
6961,2038,365,2403,5.583561643835616
6962,1979,380,2359,5.207894736842105
6963,2027,272,2299,7.452205882352941
6964,2021,340,2361,5.944117647058824
6965,2015,314,2329,6.417197452229299
6966,1980,316,2296,6.265822784810126
6967,2045,362,2407,5.649171270718232
6968,1979,332,2311,5.960843373493976
6969,1921,709,2630,2.7094499294781382
6970,1929,564,2493,3.4202127659574466
6971,1927,319,2246,6.040752351097178
6972,1919,338,2257,5.677514792899408
6973,1963,345,2308,5.689855072463768
6974,2008,359,2367,5.593314763231198
6975,2012,398,2410,5.055276381909548
6976,1917,338,2255,5.671597633136095
6977,2019,371,2390,5.442048517520216
6978,1905,290,2195,6.568965517241379
6979,2038,563,2601,3.619893428063943
6980,1945,204,2149,9.534313725490197
6981,1936,512,2448,3.78125
6982,2005,342,2347,5.862573099415204
6983,2043,338,2381,6.044378698224852
6984,1984,355,2339,5.588732394366197
6985,1942,482,2424,4.029045643153527
6986,1985,401,2386,4.950124688279302
6987,1940,345,2285,5.6231884057971016
6988,1962,347,2309,5.654178674351585
6989,2023,491,2514,4.120162932790224
6990,2000,393,2393,5.089058524173028
6991,1943,183,2126,10.617486338797814
6992,1924,483,2407,3.9834368530020714
6993,1993,352,2345,5.661931818181818
6994,1940,335,2275,5.791044776119403
6995,2016,345,2361,5.843478260869565
6996,1924,290,2214,6.63448275862069
6997,1938,337,2275,5.750741839762611
6998,1985,299,2284,6.638795986622074
6999,1909,385,2294,4.958441558441558
7000,1929,476,2405,4.052521008403361
7001,1976,355,2331,5.566197183098591
7002,1979,477,2456,4.148846960167715
7003,1970,303,2273,6.5016501650165015
7004,1944,303,2247,6.415841584158416
7005,1953,241,2194,8.103734439834025
7006,2000,391,2391,5.115089514066496
7007,2020,361,2381,5.595567867036011
7008,2042,269,2311,7.591078066914498
7009,1905,365,2270,5.219178082191781
7010,1968,521,2489,3.777351247600768
7011,2002,454,2456,4.409691629955947
7012,2045,338,2383,6.050295857988166
7013,1928,647,2575,2.979907264296754
7014,1976,336,2312,5.880952380952381
7015,1994,352,2346,5.664772727272728
7016,2038,394,2432,5.1725888324873095
7017,2041,314,2355,6.5
7018,1997,394,2391,5.068527918781726
7019,1973,553,2526,3.5678119349005426
7020,1975,313,2288,6.3099041533546325
7021,1920,400,2320,4.8
7022,2014,312,2326,6.455128205128205
7023,1957,344,2301,5.688953488372093
7024,1974,291,2265,6.783505154639175
7025,2021,391,2412,5.168797953964194
7026,1905,359,2264,5.306406685236769
7027,1961,175,2136,11.205714285714286
7028,1904,272,2176,7.0
7029,1928,760,2688,2.536842105263158
7030,1905,238,2143,8.004201680672269
7031,1985,368,2353,5.394021739130435
7032,2008,204,2212,9.84313725490196
7033,1936,319,2255,6.068965517241379
7034,1976,336,2312,5.880952380952381
7035,1910,355,2265,5.380281690140845
7036,1926,291,2217,6.618556701030927
7037,1925,264,2189,7.291666666666667
7038,1978,181,2159,10.92817679558011
7039,2019,181,2200,11.154696132596683
7040,1978,531,2509,3.725047080979284
7041,1935,274,2209,7.062043795620438
7042,2009,437,2446,4.5972540045766594
7043,1965,693,2658,2.8354978354978355
7044,1992,353,2345,5.643059490084986
7045,1966,370,2336,5.313513513513514
7046,2007,398,2405,5.042713567839196
7047,2007,266,2273,7.545112781954887
7048,2048,350,2398,5.851428571428571
7049,2032,302,2334,6.728476821192053
7050,1979,277,2256,7.144404332129964
7051,2047,225,2272,9.097777777777775
7052,2023,359,2382,5.635097493036212
7053,2011,340,2351,5.9147058823529415
7054,1960,470,2430,4.170212765957447
7055,1945,315,2260,6.174603174603175
7056,2016,268,2284,7.522388059701493
7057,1973,334,2307,5.907185628742515
7058,1934,575,2509,3.3634782608695653
7059,1924,355,2279,5.419718309859155
7060,2044,510,2554,4.007843137254902
7061,1946,373,2319,5.2171581769437
7062,1933,475,2408,4.069473684210526
7063,1964,339,2303,5.793510324483776
7064,1972,335,2307,5.886567164179104
7065,1970,568,2538,3.468309859154929
7066,1927,358,2285,5.38268156424581
7067,1981,353,2334,5.611898016997167
7068,1928,195,2123,9.887179487179488
7069,1901,564,2465,3.370567375886525
7070,1950,623,2573,3.130016051364366
7071,1916,305,2221,6.281967213114754
7072,2047,236,2283,8.673728813559322
7073,1981,338,2319,5.8609467455621305
7074,2035,416,2451,4.891826923076923
7075,1911,426,2337,4.485915492957746
7076,1968,324,2292,6.074074074074074
7077,2024,473,2497,4.27906976744186
7078,2009,278,2287,7.226618705035971
7079,1930,333,2263,5.795795795795796
7080,1943,489,2432,3.9734151329243352
7081,1965,410,2375,4.7926829268292686
7082,1949,388,2337,5.02319587628866
7083,1959,324,2283,6.046296296296297
7084,1980,315,2295,6.285714285714286
7085,1946,324,2270,6.006172839506172
7086,1909,310,2219,6.158064516129032
7087,1913,358,2271,5.343575418994414
7088,1900,373,2273,5.093833780160858
7089,1950,320,2270,6.09375
7090,1924,734,2658,2.6212534059945503
7091,1912,325,2237,5.883076923076923
7092,2026,402,2428,5.039800995024875
7093,1923,325,2248,5.9169230769230765
7094,1978,307,2285,6.44299674267101
7095,1950,602,2552,3.2392026578073088
7096,2029,270,2299,7.514814814814815
7097,1991,178,2169,11.185393258426966
7098,2009,618,2627,3.250809061488673
7099,1940,369,2309,5.257452574525745
7100,1961,217,2178,9.036866359447004
7101,2028,422,2450,4.805687203791469
7102,2042,379,2421,5.387862796833773
7103,2048,282,2330,7.26241134751773
7104,1942,348,2290,5.580459770114943
7105,2016,359,2375,5.615598885793872
7106,1998,323,2321,6.185758513931889
7107,1951,449,2400,4.34521158129176
7108,1913,272,2185,7.033088235294118
7109,2035,416,2451,4.891826923076923
7110,2009,385,2394,5.218181818181818
7111,2045,274,2319,7.463503649635037
7112,2026,310,2336,6.535483870967742
7113,1938,339,2277,5.716814159292035
7114,2004,312,2316,6.423076923076923
7115,2031,380,2411,5.344736842105263
7116,2030,392,2422,5.178571428571429
7117,1919,286,2205,6.70979020979021
8084,1949,240,2189,8.120833333333334
8099,2041,314,2355,6.5
8173,2047,198,2245,10.33838383838384
8195,1910,186,2096,10.268817204301076
8216,1995,200,2195,9.975
8218,1966,603,2569,3.2603648424543947
8219,1971,717,2688,2.748953974895397
8220,2038,715,2753,2.85034965034965
8221,1974,799,2773,2.4705882352941178
8222,1986,728,2714,2.728021978021978
8223,2047,691,2738,2.962373371924747
8224,1974,667,2641,2.95952023988006
8225,1900,1183,3083,1.606086221470837
8226,1900,717,2617,2.6499302649930265
8227,1993,781,2774,2.5518565941101152
8228,1931,540,2471,3.575925925925926
8229,1996,844,2840,2.3649289099526065
8230,1990,637,2627,3.1240188383045524
8231,2027,782,2809,2.5920716112531967
8232,2022,387,2409,5.224806201550388
8233,1993,889,2882,2.2418447694038246
8234,2042,737,2779,2.770691994572592
8235,1939,865,2804,2.2416184971098265
8236,1940,760,2700,2.5526315789473686
8237,1904,291,2195,6.542955326460481
8238,2001,764,2765,2.619109947643979
8239,1962,683,2645,2.8726207906295755
8240,1927,622,2549,3.098070739549839
8241,1935,727,2662,2.66162310866575
8242,1951,690,2641,2.827536231884058
8243,1977,689,2666,2.869375907111756
8244,1970,852,2822,2.312206572769953
8245,2019,942,2961,2.143312101910828
8246,1966,668,2634,2.94311377245509
8247,1957,255,2212,7.674509803921569
8248,1977,191,2168,10.350785340314136
8249,1915,579,2494,3.307426597582038
8250,2032,652,2684,3.1165644171779143
8251,1936,501,2437,3.864271457085828
8252,1958,648,2606,3.021604938271605
8253,1990,665,2655,2.992481203007519
8254,1985,670,2655,2.962686567164179
8255,2045,824,2869,2.4817961165048543
8256,1951,893,2844,2.184770436730123
8257,2023,863,2886,2.3441483198146003
8258,1929,816,2745,2.363970588235294
8259,2027,731,2758,2.7729138166894667
8260,1964,733,2697,2.679399727148704
8261,1951,724,2675,2.694751381215469
8262,2000,803,2803,2.4906600249066004
8263,2004,662,2666,3.027190332326284
8264,1911,637,2548,3.0
8265,2011,823,2834,2.443499392466585
8266,1915,621,2536,3.0837359098228663
8267,1997,693,2690,2.8816738816738816
8268,1918,498,2416,3.85140562248996
8269,2018,812,2830,2.4852216748768474
8270,1953,727,2680,2.686382393397524
8271,1983,797,2780,2.4880803011292345
8272,1905,569,2474,3.3479789103690685
8273,1936,725,2661,2.6703448275862067
8274,2013,661,2674,3.0453857791225416
8275,2029,604,2633,3.359271523178808
8276,2017,486,2503,4.150205761316872
8277,2007,1417,3424,1.4163726182074805
8278,2029,835,2864,2.429940119760479
8279,1909,707,2616,2.7001414427157
8280,1933,855,2788,2.2608187134502926
8281,1938,640,2578,3.028125
8282,1956,869,2825,2.2508630609896434
8283,2025,587,2612,3.4497444633730834
8284,1918,613,2531,3.128874388254486
8285,1911,665,2576,2.873684210526316
8286,1917,784,2701,2.44515306122449
8287,2037,1151,3188,1.7697654213727194
8288,1907,870,2777,2.1919540229885057
8289,1900,802,2702,2.369077306733167
8290,2039,692,2731,2.9465317919075145
8291,1983,695,2678,2.853237410071942
8292,1916,259,2175,7.397683397683398
8293,1992,814,2806,2.447174447174447
8294,1911,895,2806,2.135195530726257
8295,1955,805,2760,2.4285714285714284
8296,2020,661,2681,3.0559757942511347
8297,2040,702,2742,2.905982905982906
8298,1918,816,2734,2.3504901960784315
8299,2048,864,2912,2.3703703703703702
8300,1951,943,2894,2.068928950159066
8301,1979,626,2605,3.161341853035144
8302,1978,628,2606,3.14968152866242
8303,1907,862,2769,2.2122969837587005
8304,1956,731,2687,2.6757865937072505
8305,2024,682,2706,2.967741935483871
8306,1945,594,2539,3.274410774410774
8307,1960,745,2705,2.6308724832214767
8308,1988,1355,3343,1.4671586715867158
8309,1913,686,2599,2.7886297376093294
8310,1915,648,2563,2.955246913580247
8311,2015,1132,3147,1.780035335689046
8312,1981,715,2696,2.7706293706293708
8313,2037,830,2867,2.45421686746988
8314,1996,520,2516,3.8384615384615386
8315,1911,668,2579,2.8607784431137726
8316,1911,1411,3322,1.3543586109142451
8317,2032,663,2695,3.064856711915536
8318,1904,308,2212,6.181818181818182
8319,1947,695,2642,2.8014388489208635
8320,2041,611,2652,3.3404255319148937
8321,1918,722,2640,2.656509695290859
8322,1961,666,2627,2.9444444444444446
8323,2024,561,2585,3.607843137254902
8324,2041,744,2785,2.743279569892473
8325,2041,689,2730,2.962264150943396
8326,2028,771,2799,2.630350194552529
8327,1961,554,2515,3.53971119133574
8328,1915,805,2720,2.37888198757764
8329,1956,894,2850,2.1879194630872485
8330,2013,714,2727,2.819327731092437
8331,1902,383,2285,4.966057441253263
8332,1932,858,2790,2.251748251748252
8333,1911,813,2724,2.3505535055350557
8334,1943,732,2675,2.6543715846994536
8335,2015,329,2344,6.124620060790273
8336,1960,721,2681,2.718446601941748
8337,2021,737,2758,2.742198100407056
8338,1924,603,2527,3.1907131011608625
8339,1981,651,2632,3.043010752688172
8340,2036,715,2751,2.8475524475524474
8341,2010,701,2711,2.8673323823109844
8342,2046,891,2937,2.2962962962962963
8343,2013,852,2865,2.362676056338028
8344,2045,873,2918,2.3424971363115694
8345,1961,927,2888,2.115426105717368
8346,1963,728,2691,2.696428571428572
8347,1917,709,2626,2.703808180535966
8348,1968,677,2645,2.9069423929098965
8349,1996,674,2670,2.961424332344213
8350,2023,473,2496,4.276955602536998
8351,2000,410,2410,4.878048780487805
8352,1946,712,2658,2.7331460674157304
8353,1973,1108,3081,1.780685920577617
8354,1974,328,2302,6.0182926829268295
8355,1967,836,2803,2.352870813397129
8356,1901,788,2689,2.4124365482233503
8357,1954,546,2500,3.578754578754579
8358,1957,784,2741,2.496173469387755
8359,1959,763,2722,2.5674967234600263
8360,2019,775,2794,2.6051612903225805
8361,1901,756,2657,2.5145502645502646
8362,1922,593,2515,3.2411467116357504
8363,2001,744,2745,2.689516129032258
8364,1982,640,2622,3.096875
8365,1917,779,2696,2.460847240051348
8366,2027,847,2874,2.3931523022432115
8367,1902,776,2678,2.451030927835052
8368,1993,317,2310,6.287066246056782
8369,2015,937,2952,2.150480256136606
8370,2026,678,2704,2.9882005899705013
8371,1912,550,2462,3.4763636363636365
8372,1970,863,2833,2.282734646581692
8373,2044,718,2762,2.846796657381616
8374,1969,946,2915,2.081395348837209
8375,1951,748,2699,2.608288770053476
8376,1944,649,2593,2.99537750385208
8377,2043,830,2873,2.4614457831325303
8378,1964,365,2329,5.380821917808219
8379,1964,675,2639,2.9096296296296296
8380,2031,533,2564,3.810506566604128
8381,1922,714,2636,2.6918767507002803
8382,1927,555,2482,3.472072072072072
8383,2004,478,2482,4.192468619246862
8384,1996,786,2782,2.539440203562341
8385,2035,373,2408,5.455764075067024
8386,1916,874,2790,2.192219679633867
8387,1989,1007,2996,1.975173783515392
8388,1967,657,2624,2.993911719939117
8389,1967,616,2583,3.1931818181818183
8390,2009,655,2664,3.067175572519084
8391,2014,623,2637,3.232744783306581
8392,2014,893,2907,2.25531914893617
8393,2004,849,2853,2.360424028268551
8394,2004,720,2724,2.783333333333333
8395,2006,602,2608,3.3322259136212624
8396,1964,676,2640,2.905325443786982
8397,1926,506,2432,3.806324110671937
8398,1938,451,2389,4.297117516629712
8399,2038,697,2735,2.9239598278335723
8400,2035,716,2751,2.8421787709497206
8401,2042,778,2820,2.6246786632390746
8402,2048,445,2493,4.602247191011236
8403,2007,772,2779,2.599740932642487
8404,1904,880,2784,2.163636363636364
8405,1981,753,2734,2.6308100929614877
8406,1946,707,2653,2.7524752475247523
8407,2002,770,2772,2.6
8408,2034,866,2900,2.348729792147806
8409,1976,483,2459,4.091097308488613
8410,1909,663,2572,2.879336349924585
8411,1982,718,2700,2.760445682451253
8412,1903,278,2181,6.845323741007194
8413,1907,685,2592,2.783941605839416
8414,1903,871,2774,2.184845005740528
8415,1963,282,2245,6.960992907801418
8416,1993,408,2401,4.884803921568627
8417,1951,579,2530,3.369602763385146